{
  "formatVersion" : "v0.1.0",
  "groups" : [
    {
      "pos" : [ 0.0, 0.0 ],
      "alu" : {
        "outline" : [
          [ -4.0922246, 1.4496002 ],
          [ -4.570275, 1.6614003 ],
          [ -4.570275, 1.6614003 ],
          [ -4.718775, 1.4772003 ],
          [ -4.718775, 1.4772003 ],
          [ -4.204106, 1.310344 ],
          [ -4.204106, 1.310344 ],
          [ -3.847118, 1.1668901 ],
          [ -3.847118, 1.1668901 ],
          [ -3.6443248, 0.7368002 ],
          [ -3.6443248, 0.7368002 ],
          [ -3.7840123, 0.24909401 ],
          [ -3.7840123, 0.24909401 ],
          [ -4.385625, 2.3841858E-7 ],
          [ -4.385625, 2.3841858E-7 ],
          [ -4.912837, 0.07117534 ],
          [ -4.912837, 0.07117534 ],
          [ -5.294025, 0.40200043 ],
          [ -5.294025, 0.40200043 ],
          [ -4.961775, 0.70935035 ],
          [ -4.961775, 0.70935035 ],
          [ -4.4202747, 0.4612503 ],
          [ -4.4202747, 0.4612503 ],
          [ -4.2674246, 0.64860034 ],
          [ -4.2674246, 0.64860034 ],
          [ -4.7800684, 0.8400378 ],
          [ -4.7800684, 0.8400378 ],
          [ -5.133977, 0.9853413 ],
          [ -5.133977, 0.9853413 ],
          [ -5.333325, 1.3980005 ],
          [ -5.333325, 1.3980005 ],
          [ -5.188781, 1.8984004 ],
          [ -5.188781, 1.8984004 ],
          [ -4.6220245, 2.1477003 ],
          [ -4.6220245, 2.1477003 ],
          [ -4.1022935, 2.0581129 ],
          [ -4.1022935, 2.0581129 ],
          [ -3.7347748, 1.7001004 ],
          [ -3.7347748, 1.7001004 ],
          [ -4.092375, 1.4494503 ],
          [ -4.092375, 1.4494503 ],
          [ -4.092225, 1.4494503 ],
          [ -4.092225, 1.4494503 ]
        ],
        "holes" : [ ]
      },
      "bulbs" : [
        [ 1, -4.093425, 1.7457004, 201, 301, 401 ],
        [ 2, -4.5284247, 1.9257003, 202, 302, 402 ],
        [ 3, -5.0084248, 1.7157004, 203, 303, 403 ],
        [ 4, -5.0084248, 1.2807004, 204, 304, 404 ],
        [ 5, -4.513425, 1.0857003, 205, 305, 405 ],
        [ 6, -4.018425, 0.89070034, 206, 306, 406 ],
        [ 7, -4.033425, 0.41070032, 207, 307, 407 ],
        [ 8, -4.4834247, 0.2307005, 208, 308, 408 ],
        [ 9, -4.9184246, 0.35070038, 209, 309, 409 ]
      ]
    },
    {
      "pos" : [ 0.0, 0.0 ],
      "alu" : {
        "outline" : [
          [ -2.6120248, 0.63105035 ],
          [ -2.8434749, 0.5608506 ],
          [ -2.8434749, 0.5608506 ],
          [ -2.6991751, 0.04875064 ],
          [ -2.6991751, 0.04875064 ],
          [ -3.291675, 0.012750626 ],
          [ -3.291675, 0.012750626 ],
          [ -3.7542748, 1.5334504 ],
          [ -3.7542748, 1.5334504 ],
          [ -3.0252748, 1.7715003 ],
          [ -3.0252748, 1.7715003 ],
          [ -2.4460497, 1.7673004 ],
          [ -2.4460497, 1.7673004 ],
          [ -2.142675, 1.3860004 ],
          [ -2.142675, 1.3860004 ],
          [ -2.1989436, 0.910388 ],
          [ -2.1989436, 0.910388 ],
          [ -2.612175, 0.63120055 ],
          [ -2.612175, 0.63120055 ],
          [ -2.612025, 0.63120055 ],
          [ -2.612025, 0.63120055 ]
        ],
        "holes" : [
          [
            [ -2.8920748, 1.3596005 ],
            [ -3.0696747, 1.2952507 ],
            [ -3.0696747, 1.2952507 ],
            [ -2.9588246, 0.9484508 ],
            [ -2.9588246, 0.9484508 ],
            [ -2.7878249, 1.0042508 ],
            [ -2.7878249, 1.0042508 ],
            [ -2.6561248, 1.2357008 ],
            [ -2.6561248, 1.2357008 ],
            [ -2.8920748, 1.3594508 ],
            [ -2.8920748, 1.3594508 ],
            [ -2.8920748, 1.3594508 ],
            [ -2.8920748, 1.3594508 ]
          ]
        ]
      },
      "bulbs" : [
        [ 13, -3.4484248, 1.4157004, 213, 313, 413 ],
        [ 14, -3.0284247, 1.5657003, 214, 314, 414 ],
        [ 15, -2.5334249, 1.5357003, 215, 315, 415 ],
        [ 12, -3.3284247, 1.0257003, 212, 312, 412 ],
        [ 16, -2.3984249, 1.1157005, 216, 316, 416 ],
        [ 17, -2.7284248, 0.8157003, 217, 317, 417 ],
        [ 11, -3.2084248, 0.62070036, 211, 311, 411 ],
        [ 10, -3.1034248, 0.24570036, 210, 310, 410 ]
      ]
    },
    {
      "pos" : [ 0.0, 0.0 ],
      "alu" : {
        "outline" : [
          [ -1.2053246, 0.048600435 ],
          [ -1.3638747, 0.70275044 ],
          [ -1.3638747, 0.70275044 ],
          [ -1.4807248, 0.7509005 ],
          [ -1.4807248, 0.7509005 ],
          [ -1.7228248, 0.14805055 ],
          [ -1.7228248, 0.14805055 ],
          [ -2.2571247, 0.3594005 ],
          [ -2.2571247, 0.3594005 ],
          [ -1.6358249, 2.0671504 ],
          [ -1.6358249, 2.0671504 ],
          [ -0.874125, 1.8012003 ],
          [ -0.874125, 1.8012003 ],
          [ -0.41099977, 1.4570816 ],
          [ -0.41099977, 1.4570816 ],
          [ -0.38572502, 0.96795034 ],
          [ -0.38572502, 0.96795034 ],
          [ -0.7991247, 0.6312003 ],
          [ -0.7991247, 0.6312003 ],
          [ -0.6618748, 0.053400278 ],
          [ -0.6618748, 0.053400278 ],
          [ -1.2054749, 0.048600197 ],
          [ -1.2054749, 0.048600197 ]
        ],
        "holes" : [
          [
            [ -1.0541248, 1.3980005 ],
            [ -1.2428246, 1.4616005 ],
            [ -1.2428246, 1.4616005 ],
            [ -1.3640244, 1.1002507 ],
            [ -1.3640244, 1.1002507 ],
            [ -1.1763744, 1.0279505 ],
            [ -1.1763744, 1.0279505 ],
            [ -0.9153743, 1.1338506 ],
            [ -0.9153743, 1.1338506 ],
            [ -1.0542746, 1.3981504 ],
            [ -1.0542746, 1.3981504 ],
            [ -1.0542746, 1.3981504 ],
            [ -1.0542746, 1.3981504 ]
          ]
        ]
      },
      "bulbs" : [
        [ 21, -1.4534247, 1.7607005, 221, 321, 421 ],
        [ 22, -1.0484247, 1.6257005, 222, 322, 422 ],
        [ 23, -0.6734247, 1.3857005, 223, 323, 423 ],
        [ 20, -1.6145248, 1.3390503, 220, 320, 420 ],
        [ 24, -0.7184248, 0.9657004, 224, 324, 424 ],
        [ 19, -1.7684247, 0.90570045, 219, 319, 419 ],
        [ 25, -1.1084247, 0.6957004, 225, 325, 425 ],
        [ 18, -1.9184248, 0.48570037, 218, 318, 418 ],
        [ 26, -1.0034246, 0.27570033, 226, 326, 426 ]
      ]
    },
    {
      "pos" : [ 0.0, 0.0 ],
      "alu" : {
        "outline" : [
          [ 0.5948248, 0.37260056 ],
          [ 0.5487747, 0.64290047 ],
          [ 0.5487747, 0.64290047 ],
          [ 0.1649251, 0.59160066 ],
          [ 0.1649251, 0.59160066 ],
          [ 0.0018749237, 0.048600674 ],
          [ 0.0018749237, 0.048600674 ],
          [ -0.54367495, 0.048600674 ],
          [ -0.54367495, 0.048600674 ],
          [ 0.08062506, 1.9674006 ],
          [ 0.08062506, 1.9674006 ],
          [ 1.4574752, 2.0979004 ],
          [ 1.4574752, 2.0979004 ],
          [ 1.5135751, 1.7115006 ],
          [ 1.5135751, 1.7115006 ],
          [ 0.90982485, 1.6572006 ],
          [ 0.90982485, 1.6572006 ],
          [ 0.949275, 1.4227507 ],
          [ 0.949275, 1.4227507 ],
          [ 1.546875, 1.5067508 ],
          [ 1.546875, 1.5067508 ],
          [ 1.5948753, 1.1505008 ],
          [ 1.5948753, 1.1505008 ],
          [ 1.0076251, 1.0699508 ],
          [ 1.0076251, 1.0699508 ],
          [ 1.0481253, 0.8269508 ],
          [ 1.0481253, 0.8269508 ],
          [ 1.6593757, 0.92340064 ],
          [ 1.6593757, 0.92340064 ],
          [ 1.7127752, 0.53970075 ],
          [ 1.7127752, 0.53970075 ],
          [ 0.5949755, 0.3726008 ],
          [ 0.5949755, 0.3726008 ]
        ],
        "holes" : [
          [
            [ 0.40807486, 1.4749506 ],
            [ 0.26377487, 0.98085046 ],
            [ 0.26377487, 0.98085046 ],
            [ 0.48892498, 1.0084505 ],
            [ 0.48892498, 1.0084505 ]
          ]
        ]
      },